{"cameraMode":{"drawMode":0,"name":"Shaded","section":"Shading Mode"},"sceneLighting":true,"audioPlay":false,"sceneViewState":{"showFog":true,"showMaterialUpdate":false,"showSkybox":true,"showFlares":true,"showImageEffects":true,"showParticleSystems":true},"in2DMode":false,"pivot":{"x":12.328088760375977,"y":-6.547027111053467,"z":-6.4482574462890629},"rotation":{"x":-0.0352320671081543,"y":0.9647510647773743,"z":-0.20879970490932465,"w":-0.15776103734970094},"size":10.0,"orthographic":false}