{"cameraMode":{"drawMode":0,"name":"Shaded","section":"Shading Mode"},"sceneLighting":false,"audioPlay":false,"sceneViewState":{"showFog":true,"showMaterialUpdate":false,"showSkybox":false,"showFlares":true,"showImageEffects":true,"showParticleSystems":true},"in2DMode":false,"pivot":{"x":8.792943954467774,"y":0.289145827293396,"z":13.182718276977539},"rotation":{"x":0.22408808767795564,"y":-0.5960911512374878,"z":0.17741534113883973,"w":0.7505345940589905},"size":0.6693394780158997,"orthographic":false}