{"cameraMode":{"drawMode":0,"name":"Shaded","section":"Shading Mode"},"sceneLighting":false,"audioPlay":false,"sceneViewState":{"showFog":true,"showMaterialUpdate":false,"showSkybox":false,"showFlares":true,"showImageEffects":true,"showParticleSystems":true},"in2DMode":false,"pivot":{"x":-0.26763370633125307,"y":0.24993516504764558,"z":1.7693185806274415},"rotation":{"x":0.05337239429354668,"y":-0.5980660319328308,"z":0.039292313158512118,"w":0.7988954186439514},"size":0.9367241263389587,"orthographic":false}