{"cameraMode":{"drawMode":0,"name":"Shaded","section":"Shading Mode"},"sceneLighting":false,"audioPlay":false,"sceneViewState":{"showFog":true,"showMaterialUpdate":false,"showSkybox":false,"showFlares":true,"showImageEffects":true,"showParticleSystems":true},"in2DMode":false,"pivot":{"x":-2.947065369518498e-10,"y":0.07910969108343125,"z":0.8068264126777649},"rotation":{"x":-0.04949614778161049,"y":0.6977491974830627,"z":-0.04843837767839432,"w":-0.7129873037338257},"size":0.29994016885757449,"orthographic":false}