{"cameraMode":{"drawMode":0,"name":"Shaded","section":"Shading Mode"},"sceneLighting":false,"audioPlay":false,"sceneViewState":{"showFog":true,"showMaterialUpdate":false,"showSkybox":false,"showFlares":true,"showImageEffects":true,"showParticleSystems":true},"in2DMode":false,"pivot":{"x":-0.004446536302566528,"y":0.04855794459581375,"z":0.6178838014602661},"rotation":{"x":-0.0604565404355526,"y":0.9173884391784668,"z":-0.15304988622665406,"w":-0.36237961053848269},"size":0.17567335069179536,"orthographic":false}