{"cameraMode":{"drawMode":0,"name":"Shaded","section":"Shading Mode"},"sceneLighting":true,"audioPlay":false,"sceneViewState":{"showFog":true,"showMaterialUpdate":false,"showSkybox":true,"showFlares":true,"showImageEffects":true,"showParticleSystems":true},"in2DMode":false,"pivot":{"x":775.509033203125,"y":46.27699661254883,"z":257.281982421875},"rotation":{"x":0.5689471364021301,"y":-0.00020125415176153183,"z":-0.021533217281103135,"w":0.8234676122665405},"size":0.8485276699066162,"orthographic":false}