{"cameraMode":{"drawMode":0,"name":"Shaded","section":"Shading Mode"},"sceneLighting":true,"audioPlay":false,"sceneViewState":{"showFog":true,"showMaterialUpdate":false,"showSkybox":true,"showFlares":true,"showImageEffects":true,"showParticleSystems":true},"in2DMode":false,"pivot":{"x":254.20693969726563,"y":-95.57105255126953,"z":224.6856231689453},"rotation":{"x":0.19938331842422486,"y":0.6569058895111084,"z":-0.1862282007932663,"w":0.7029865384101868},"size":133.26852416992188,"orthographic":false}