{"cameraMode":{"drawMode":0,"name":"Shaded","section":"Shading Mode"},"sceneLighting":true,"audioPlay":false,"sceneViewState":{"showFog":true,"showMaterialUpdate":false,"showSkybox":true,"showFlares":true,"showImageEffects":true,"showParticleSystems":true},"in2DMode":false,"pivot":{"x":183.95748901367188,"y":3.9754297733306886,"z":182.10855102539063},"rotation":{"x":0.2935548424720764,"y":0.42493072152137759,"z":-0.16744573414325715,"w":0.8417069315910339},"size":0.8485267758369446,"orthographic":false}